年季,Y_基準利率,X1,X2,X3,X4,X5,X6,X1_X4,X1_X2,X2_X4,X2_X3,X2_X5,X3_X4,X4_X6,X2_X6,X3_X5,X3_X6,X1_X3
2001Q3,2.75,-4.064,-0.3233333333333333,-0.5816666666666667,6.476666666666667,3.0705828845048284,-3.69,-26.321173333333334,1.3140266666666667,-2.094122222222222,0.1880722222222222,-0.9928217993232278,-3.767261111111111,-23.898899999999998,1.1930999999999998,-1.786055711153642,2.14635,2.3638933333333334
2001Q4,2.125,-0.302,-0.6033333333333334,-1.5876666666666668,5.6000000000000005,0.6290319069474342,-3.4,-1.6912,0.18220666666666668,-3.378666666666667,0.9578922222222224,-0.37951591719161865,-8.890933333333335,-19.040000000000003,2.0513333333333335,-0.9986929909302097,5.398066666666667,0.47947533333333336
2002Q1,2.125,1.823,0.46666666666666673,0.5096666666666667,4.03,-0.7878502782656597,1.9466666666666665,7.346690000000001,0.8507333333333335,1.880666666666667,0.2378444444444445,-0.36766346319064125,2.053956666666667,7.845066666666667,0.9084444444444445,-0.4015410251560646,0.9921511111111111,0.9291223333333334
2002Q2,1.875,6.751,0.6566666666666666,0.468,4.286666666666666,-0.1265944417030651,3.796666666666667,28.939286666666664,4.433156666666666,2.8149111111111105,0.30732,-0.08313035005167942,2.00616,16.275044444444443,2.4931444444444444,-0.05924619871703447,1.7768400000000002,3.1594680000000004
2002Q3,1.875,7.025,0.77,0.4933333333333334,2.9566666666666666,1.582225342299141,5.733333333333333,20.770583333333335,5.40925,2.2766333333333333,0.37986666666666674,1.2183135135703387,1.4586222222222223,16.951555555555554,4.414666666666667,0.7805645022009097,2.828444444444445,3.4656666666666673
2002Q4,1.625,6.22,0.75,-0.10266666666666664,2.5666666666666664,3.580409757886368,6.490000000000001,15.964666666666664,4.665,1.9249999999999998,-0.07699999999999999,2.6853073184147758,-0.26351111111111103,16.657666666666668,4.867500000000001,-0.36758873514300033,-0.6663066666666666,-0.6385866666666665
2003Q1,1.625,5.173,-0.5599999999999999,1.3486666666666667,2.89,5.1940405542381995,6.706666666666667,14.94997,-2.89688,-1.6183999999999998,-0.7552533333333332,-2.9086627103733913,3.8976466666666667,19.38226666666667,-3.755733333333333,7.005029360815919,9.045057777777778,6.976652666666666
2003Q2,1.375,-1.151,-0.49,-0.9710000000000002,2.393333333333333,5.41970843802256,1.2966666666666666,-2.7547266666666665,0.56399,-1.1727333333333332,0.4757900000000001,-2.6556571346310545,-2.323926666666667,3.103355555555555,-0.6353666666666666,-5.262536893319907,-1.2590633333333336,1.1176210000000002
2003Q3,1.375,5.405,-0.6366666666666667,0.0009999999999999883,3.6566666666666663,6.244367930995328,2.5766666666666667,19.76428333333333,-3.441183333333334,-2.3280777777777777,-0.0006366666666666593,-3.975580916067026,0.0036566666666666236,9.422011111111111,-1.640477777777778,0.0062443679309952555,0.0025766666666666364,0.005404999999999937
2003Q4,1.375,7.256,-0.5133333333333333,0.44866666666666666,5.32,7.846506309615268,5.8066666666666675,38.60192,-3.7247466666666664,-2.730933333333333,-0.23031555555555555,-4.027873238935838,2.386906666666667,30.891466666666673,-2.980755555555556,3.52046583091405,2.605257777777778,3.2555253333333334
2004Q1,1.375,6.931,0.16333333333333333,0.9156666666666667,6.216666666666666,10.759958946129881,8.563333333333333,43.08771666666666,1.1320633333333334,1.0153888888888887,0.1495588888888889,1.7574599612012138,5.692394444444444,53.23538888888888,1.3986777777777777,9.852535741672929,7.841158888888889,6.346485666666667
2004Q2,1.375,10.799,0.7333333333333334,0.4993333333333333,8.149999999999999,13.678939174381943,9.86,88.01184999999998,7.919266666666667,5.976666666666666,0.36617777777777777,10.031222061213425,4.069566666666666,80.35899999999998,7.230666666666667,6.83035029440805,4.923426666666666,5.392300666666666
2004Q3,1.375,7.053,1.1666666666666667,0.7816666666666668,7.456666666666667,15.249491746122764,11.973333333333334,52.59187,8.2285,8.699444444444445,0.9119444444444447,17.791073703809893,5.828627777777779,89.28115555555557,13.968888888888891,11.92001938155263,9.359155555555558,5.513095000000002
2004Q4,1.75,3.601,1.0066666666666666,-0.02433333333333327,6.806666666666666,15.492110234076218,5.793333333333333,24.510806666666664,3.6250066666666663,6.852044444444443,-0.02449555555555549,15.595390968970058,-0.16562888888888844,39.43328888888888,5.831955555555555,-0.3769746823625203,-0.14097111111111074,-0.0876243333333331
2005Q1,1.875,3.76,1.0066666666666666,1.2056666666666667,6.346666666666667,14.830343134878419,4.82,23.863466666666664,3.7850666666666664,6.388977777777777,1.2137044444444443,14.92921208911094,7.651964444444444,30.590933333333336,4.852133333333334,17.880450372951746,5.8113133333333336,4.533306666666666
2005Q2,1.875,4.821,0.69,0.4353333333333333,5.546666666666667,14.151895733207551,6.563333333333333,26.740479999999998,3.3264899999999997,3.8272,0.3003799999999999,9.76480805591321,2.414648888888889,36.40462222222222,4.528699999999999,6.16079194252302,2.8572377777777773,2.0987419999999997
2005Q3,2.125,5.067,0.6966666666666667,1.5633333333333332,6.463333333333334,13.453611672832396,5.406666666666667,32.74971,3.53001,4.502788888888889,1.089122222222222,9.372682798739902,10.104344444444445,34.9450888888889,3.7666444444444447,21.032479581861313,8.452422222222223,7.92141
2005Q4,2.25,7.632,0.5633333333333334,-0.6113333333333334,6.286666666666666,13.16553320032494,5.216666666666666,47.979839999999996,4.29936,3.541488888888889,-0.3443844444444445,7.416583702849716,-3.843248888888889,32.795444444444435,2.938722222222222,-8.048529296465315,-3.189122222222222,-4.6656960000000005
2006Q1,2.375,6.053,0.5299999999999999,0.12200000000000005,6.873333333333334,12.184155271147535,5.696666666666666,41.60428666666667,3.2080899999999994,3.6428666666666665,0.06466000000000002,6.4576022937081925,0.8385466666666671,39.15508888888889,3.0192333333333328,1.48646694308,0.6949933333333336,0.7384660000000003
2006Q2,2.5,5.64,0.5366666666666666,1.3463333333333332,6.696666666666666,11.084819121840066,-0.036666666666666625,37.7692,3.0267999999999997,3.5938777777777773,0.722532222222222,5.948852928720835,9.015945555555554,-0.24554444444444415,-0.019677777777777752,14.923861477704008,-0.049365555555555496,7.5933199999999985
2006Q3,2.625,7.188,0.43,-0.30466666666666664,5.453333333333333,10.467420132339715,1.4900000000000002,39.19856,3.09084,2.344933333333333,-0.13100666666666666,4.500990656906077,-1.6614488888888888,8.125466666666668,0.6407,-3.1890740003194997,-0.4539533333333334,-2.1899439999999997
2006Q4,2.75,4.327,0.6066666666666667,-0.30433333333333334,5.836666666666666,9.113559428396238,1.1666666666666665,25.255256666666664,2.6250466666666665,3.540911111111111,-0.1846288888888889,5.528892719893718,-1.7762922222222222,6.809444444444443,0.7077777777777777,-2.773559919375255,-0.3550555555555555,-1.3168503333333335
2007Q1,2.875,5.641,0.84,0.23800000000000016,5.090000000000001,8.524218960301504,0.5466666666666667,28.712690000000006,4.73844,4.275600000000001,0.19992000000000013,7.160343926653263,1.211420000000001,2.782533333333334,0.45920000000000005,2.0287641125517593,0.13010666666666676,1.3425580000000008
2007Q2,3.125,7.124,0.8366666666666666,1.1653333333333333,5.073333333333334,7.561224687071951,2.6133333333333337,36.14242666666667,5.9604133333333325,4.244688888888889,0.9749955555555554,6.326224654850198,5.912124444444445,13.258311111111116,2.186488888888889,8.811347168667847,3.045404444444445,8.301834666666666
2007Q3,3.25,7.975,1.6766666666666665,0.49966666666666665,4.31,6.973561935648169,1.39,34.372249999999994,13.371416666666665,7.226433333333332,0.8377744444444444,11.692338845436762,2.153563333333333,5.990899999999999,2.3305666666666665,3.4844564471788684,0.6945366666666666,3.984841666666666
2007Q4,3.375,6.577,2.4766666666666666,1.4919999999999998,2.8699999999999997,6.688397302164913,3.53,18.875989999999998,16.289036666666664,7.108033333333332,3.695186666666666,16.5649306516951,4.2820399999999985,10.131099999999998,8.742633333333332,9.979088774830048,5.266759999999999,9.812883999999999
2008Q1,3.5,7.657,2.8699999999999997,1.6046666666666667,1.4233333333333331,4.867116395340254,4.146666666666667,10.898463333333332,21.975589999999997,4.0849666666666655,4.605393333333333,13.968624054626527,2.283975555555555,5.902088888888889,11.900933333333334,7.810099442389328,6.654017777777779,12.286932666666667
2008Q2,3.625,5.655,3.53,2.910333333333333,2.2633333333333336,4.53645422030983,1.61,12.799150000000003,19.96215,7.989566666666668,10.273476666666665,16.013683397693697,6.587054444444445,3.6439666666666675,5.6833,13.202593932508373,4.6856366666666664,16.457935
2008Q3,3.5,-1.392,3.936666666666667,-1.7706666666666668,1.9266666666666665,4.05436117278104,-2.0033333333333334,-2.6819199999999994,-5.47984,7.584644444444445,-6.970524444444446,15.960668483514697,-3.4114844444444445,-3.8597555555555556,-7.886455555555557,-7.178922183270963,3.547235555555556,2.464768
2008Q4,2.0,-7.358,2.716666666666667,-5.980333333333334,4.5633333333333335,2.4886332149961277,-4.9366666666666665,-33.57700666666667,-19.989233333333335,12.397055555555557,-16.246572222222227,6.760786900739481,-27.29025444444445,-22.527655555555555,-13.411277777777778,-14.882856170081844,29.522912222222224,44.003292666666674
2009Q1,1.25,-7.872,1.3966666666666665,-0.25966666666666666,6.833333333333333,1.4572009888610404,-6.986666666666667,-53.791999999999994,-10.994559999999998,9.543888888888887,-0.3626677777777777,2.0352240477759196,-1.7743888888888888,-47.742222222222225,-9.758044444444444,-0.37838652344091683,1.8142044444444445,2.0440959999999997
2009Q2,1.25,-5.922,0.056666666666666664,1.846,7.343333333333334,0.7236939972764089,-7.006666666666667,-43.48722,-0.33558,0.4161222222222222,0.10460666666666667,0.04100932651232984,13.555793333333334,-51.452288888888894,-0.3970444444444444,1.335939118972251,-12.934306666666668,-10.932012
2009Q3,1.25,-1.136,-0.8366666666666666,0.36366666666666664,8.423333333333334,1.4050211303618796,-2.0766666666666667,-9.568906666666667,0.9504533333333332,-7.047522222222222,-0.3042677777777777,-1.1755343457361058,3.0632855555555554,-17.492455555555555,1.7374777777777775,0.5109593510749368,-0.7552144444444444,-0.4131253333333333
2009Q4,1.25,8.578,-0.7733333333333333,0.8460000000000001,7.013333333333333,3.8720798882965943,3.3433333333333333,60.160373333333325,-6.633653333333332,-5.423644444444444,-0.65424,-2.9944084469493664,5.93328,23.447911111111107,-2.585511111111111,3.275779585498919,2.82846,7.256988000000001
2010Q1,1.25,11.547,0.12666666666666662,0.508,5.1066666666666665,5.90609491107775,4.180000000000001,58.966680000000004,1.4626199999999996,0.6468444444444442,0.06434666666666665,0.7481053554031813,2.5941866666666664,21.34586666666667,0.5294666666666665,3.0002962148274968,2.1234400000000004,5.865876
2010Q2,1.375,12.021,0.5266666666666667,-0.2863333333333333,3.643333333333333,7.321179777919025,9.486666666666666,43.79651,6.331060000000001,1.9188222222222222,-0.1508022222222222,3.85582134970402,-1.0432077777777775,34.563088888888885,4.996311111111112,-2.096297809744147,-2.7163488888888883,-3.4420129999999993
2010Q3,1.5,11.544,0.7433333333333333,0.13300000000000003,4.23,6.871161722009582,6.476666666666667,48.831120000000006,8.58104,3.1443000000000003,0.09886333333333336,5.107563546693789,0.5625900000000003,27.396300000000004,4.814322222222222,0.9138645090272746,0.8613966666666669,1.5353520000000005
2010Q4,1.625,6.34,0.9533333333333335,1.3863333333333334,4.963333333333334,5.849495440740945,6.256666666666668,31.467533333333336,6.044133333333334,4.731711111111112,1.3216377777777781,5.576518986839702,6.880834444444446,31.05392222222223,5.964688888888891,8.10935051268053,8.673825555555558,8.789353333333334
2011Q1,1.75,6.719,1.0333333333333334,2.0706666666666664,5.94,6.099389567386049,9.183333333333334,39.91086000000001,6.942966666666668,6.138000000000001,2.1396888888888888,6.3027025529655845,12.29976,54.54900000000001,9.489444444444446,12.62980266420071,19.01562222222222,13.912809333333332
2011Q2,1.875,4.159,1.2666666666666668,0.6983333333333335,6.013333333333333,5.925024416174707,3.4966666666666666,25.00945333333333,5.268066666666667,7.616888888888889,0.8845555555555559,7.505030927154629,4.199311111111111,21.02662222222222,4.429111111111111,4.137642050628671,2.4418388888888893,2.9043683333333337
2011Q3,1.875,3.283,1.28,-0.11699999999999998,5.996666666666667,4.956603975238219,3.826666666666666,19.687056666666667,4.20224,7.6757333333333335,-0.14975999999999998,6.344453088304921,-0.70161,22.947244444444443,4.898133333333333,-0.5799226651028716,-0.44771999999999984,-0.3841109999999999
2011Q4,1.875,0.894,1.4333333333333336,0.11833333333333333,5.396666666666667,4.271375526283272,3.5400000000000005,4.82462,1.2814000000000003,7.735222222222225,0.16961111111111113,6.122304921006024,0.6386055555555556,19.104200000000006,5.074000000000002,0.5054461039435205,0.41890000000000005,0.10579
2012Q1,1.875,1.089,0.9066666666666666,0.4686666666666666,4.97,2.564098814967382,1.45,5.41233,0.9873599999999999,4.506133333333333,0.4249244444444444,2.3247829255704264,2.329273333333333,7.206499999999999,1.3146666666666667,1.201707644614713,0.6795666666666665,0.5103779999999999
2012Q2,1.875,1.038,0.98,-1.2833333333333334,4.716666666666666,1.5851215434446564,1.97,4.895899999999999,1.01724,4.622333333333333,-1.2576666666666667,1.5534191125757633,-6.053055555555555,9.291833333333331,1.9305999999999999,-2.0342393140873094,-2.528166666666667,-1.3321
2012Q3,1.875,2.178,1.04,0.5060000000000001,3.9800000000000004,2.2863832521330467,2.866666666666667,8.66844,2.26512,4.139200000000001,0.5262400000000002,2.3778385822183687,2.013880000000001,11.409333333333336,2.981333333333334,1.1569099255793218,1.450533333333334,1.1020680000000003
2012Q4,1.875,4.475,1.0633333333333335,-0.3316666666666667,3.483333333333333,2.6246950094514094,0.6466666666666666,15.587916666666663,4.758416666666667,3.7039444444444447,-0.35267222222222233,2.790925693383332,-1.1553055555555556,2.252555555555555,0.6876222222222222,-0.8705238448013842,-0.2144777777777778,-1.4842083333333334
2013Q1,1.875,1.496,1.22,0.4293333333333333,3.366666666666667,3.27468553505584,-0.5099999999999999,5.036533333333334,1.8251199999999999,4.107333333333334,0.5237866666666666,3.995116352768125,1.4454222222222224,-1.7169999999999999,-0.6221999999999999,1.4059316563839739,-0.21895999999999993,0.6422826666666666
2013Q2,1.875,2.676,0.7000000000000001,-0.5696666666666667,4.173333333333333,3.350549731842508,0.5233333333333334,11.16784,1.8732000000000002,2.921333333333333,-0.3987666666666667,2.3453848122897556,-2.3774088888888887,2.1840444444444445,0.36633333333333346,-1.9086964972396152,-0.2981255555555556,-1.5244280000000001
2013Q3,1.875,1.95,0.5533333333333333,0.23966666666666664,5.493333333333333,2.9603441007759175,-0.45,10.712,1.079,3.0396444444444444,0.13261555555555554,1.6380570690960077,1.3165688888888887,-2.472,-0.249,0.7094958028192948,-0.10784999999999999,0.46734999999999993
2013Q4,1.875,3.725,0.18333333333333335,-0.4783333333333334,5.993333333333333,3.391486691704785,1.87,22.325166666666668,0.6829166666666667,1.0987777777777779,-0.08769444444444446,0.6217725601458773,-2.866811111111111,11.207533333333334,0.3428333333333334,-1.622261134198789,-0.8944833333333335,-1.7817916666666669
2014Q1,1.875,4.688,0.6,0.6496666666666667,5.886666666666667,4.222034720911783,4.363333333333333,27.59669333333333,2.8127999999999997,3.532,0.38980000000000004,2.5332208325470695,3.8243711111111116,25.685488888888887,2.618,2.742915223685688,2.8347122222222225,3.0456373333333335
2014Q2,1.875,4.924,1.39,0.0009999999999999883,6.026666666666666,4.690911554997271,0.7566666666666668,29.675306666666668,6.84436,8.377066666666666,0.0013899999999999837,6.520367061446207,0.006026666666666596,4.5601777777777786,1.0517666666666667,0.0046909115549972165,0.000756666666666658,0.004923999999999943
2014Q3,1.875,4.904,1.5966666666666667,-0.6203333333333334,5.573333333333333,4.91232381898116,4.2700000000000005,27.331626666666665,7.830053333333333,8.898755555555555,-0.9904655555555557,7.843343697639919,-3.4573244444444446,23.798133333333336,6.817766666666667,-3.047278209041313,-2.648823333333334,-3.042114666666667
2014Q4,1.875,4.376,1.4533333333333334,-1.921,5.19,4.5150026512421615,2.9066666666666663,22.711440000000003,6.359786666666667,7.542800000000001,-2.7918533333333335,6.561803853138608,-9.969990000000001,15.0856,4.224355555555555,-8.673320093036192,-5.583706666666666,-8.406296000000001
2015Q1,1.875,4.793,1.1300000000000001,-1.2356666666666667,6.243333333333333,3.721566991177072,-0.8566666666666666,29.924296666666667,5.4160900000000005,7.054966666666667,-1.3963033333333335,4.205370700030092,-7.714678888888889,-5.348455555555555,-0.9680333333333333,-4.598616278764469,1.0585544444444444,-5.922550333333334
2015Q2,1.875,1.894,0.6133333333333333,0.346,6.69,3.3667336481436605,2.813333333333333,12.67086,1.1616533333333332,4.1032,0.2122133333333333,2.064929970861445,2.31474,18.821199999999997,1.7255111111111108,1.1648898422577065,0.9734133333333331,0.6553239999999999
2015Q3,1.75,-0.284,0.6366666666666667,-1.252333333333333,6.090000000000001,2.981961749278894,-1.6166666666666665,-1.72956,-0.18081333333333333,3.877300000000001,-0.7973188888888888,1.8985156470408961,-7.626709999999999,-9.8455,-1.0292777777777777,-3.7344100973469345,2.024605555555555,0.35566266666666657
2015Q4,1.625,-0.203,0.7799999999999999,-0.7153333333333334,6.503333333333334,3.0834085773343496,-2.47,-1.3201766666666668,-0.15833999999999998,5.0725999999999996,-0.55796,2.4050586903207924,-4.652051111111112,-16.063233333333336,-1.9265999999999999,-2.2056649356531715,1.7668733333333335,0.14521266666666668
2016Q1,1.5,-0.087,0.7566666666666667,-0.4463333333333333,5.443333333333334,4.434995405760178,1.9500000000000002,-0.47357000000000005,-0.06583,4.11878888888889,-0.33772555555555556,3.355813190358535,-2.4295411111111114,10.614500000000003,1.4755000000000003,-1.9794862827709594,-0.8703500000000001,0.038831
2016Q2,1.375,1.691,0.8733333333333334,0.8426666666666668,4.386666666666667,4.233498932159304,0.1166666666666667,7.417853333333333,1.4768066666666668,3.8310222222222228,0.7359288888888891,3.6972557340857928,3.6964977777777785,0.5117777777777779,0.10188888888888892,3.5674284334995745,0.09831111111111115,1.4249493333333336
2016Q3,1.375,3.0,0.8433333333333334,-0.027333333333333334,4.533333333333333,4.692722523110082,0.6,13.6,2.5300000000000002,3.8231111111111113,-0.023051111111111112,3.957529327822836,-0.12391111111111111,2.7199999999999998,0.506,-0.12826774896500892,-0.0164,-0.082
2016Q4,1.375,3.916,0.8633333333333333,0.27599999999999997,3.86,4.978908985209526,0.3466666666666665,15.11576,3.3808133333333332,3.3324666666666665,0.23827999999999996,4.298458090564224,1.0653599999999999,1.3381333333333327,0.2992888888888887,1.374178879917829,0.09567999999999995,1.0808159999999998
2017Q1,1.375,3.722,0.9199999999999999,0.24666666666666665,3.513333333333333,3.9960220975151284,3.9766666666666666,13.076626666666666,3.4242399999999997,3.2322666666666664,0.2269333333333333,3.6763403297139177,0.8666222222222221,13.971355555555554,3.6585333333333327,0.9856854507203983,0.980911111111111,0.9180933333333332
2017Q2,1.375,2.786,1.0266666666666666,-0.02666666666666666,3.6300000000000003,4.533732035889929,-2.9166666666666665,10.113180000000002,2.8602933333333334,3.7268000000000003,-0.02737777777777777,4.654631556846994,-0.09679999999999998,-10.5875,-2.994444444444444,-0.12089952095706474,0.07777777777777777,-0.07429333333333332
2017Q3,1.375,3.976,0.89,0.4079999999999999,3.5233333333333334,4.52613528524477,-1.51,14.008773333333334,3.53864,3.1357666666666666,0.36311999999999994,4.028260403867845,1.4375199999999997,-5.320233333333333,-1.3439,1.8466631963798659,-0.6160799999999998,1.6222079999999997
2017Q4,1.375,4.122,1.3266666666666669,0.4293333333333334,3.793333333333333,4.448926307646564,2.33,15.636119999999998,5.468520000000001,5.0324888888888895,0.5695822222222224,5.902242234811109,1.6286044444444445,8.838466666666665,3.091133333333334,1.9100723614162587,1.000346666666667,1.7697120000000002
2018Q1,1.375,3.427,1.5866666666666667,0.26566666666666666,3.47,4.550323737094283,0.45666666666666683,11.89169,5.437506666666667,5.505733333333334,0.4215244444444444,7.219846996189596,0.9218633333333334,1.584633333333334,0.724577777777778,1.2088693394880479,0.12132111111111116,0.9104396666666666
2018Q2,1.375,3.432,1.2733333333333334,0.4463333333333333,3.643333333333333,4.696883387814518,8.076666666666666,12.503919999999999,4.370080000000001,4.639177777777777,0.5683311111111111,5.98069818048382,1.6261411111111108,29.425988888888885,10.28428888888889,2.096375618761213,3.6048855555555552,1.5318159999999998
2018Q3,1.375,2.515,1.3633333333333333,-0.13,3.56,4.704272698501785,3.0533333333333332,8.9534,3.4287833333333335,4.853466666666667,-0.17723333333333333,6.413491778957433,-0.46280000000000004,10.869866666666667,4.162711111111111,-0.6115554508052321,-0.39693333333333336,-0.32695
2018Q4,1.375,2.328,0.6233333333333334,-0.8643333333333334,3.1933333333333334,4.945895357044691,0.8266666666666668,7.43408,1.45112,1.9905111111111113,-0.5387677777777778,3.0829414392245242,-2.7601044444444445,2.6398222222222225,0.515288888888889,-4.274902220272295,-0.7145155555555557,-2.012168
2019Q1,1.375,2.079,0.4166666666666667,0.5866666666666667,3.0066666666666664,4.887232435954384,2.1166666666666667,6.25086,0.8662500000000001,1.2527777777777778,0.24444444444444446,2.0363468483143268,1.763911111111111,6.364111111111111,0.8819444444444445,2.8671763624265716,1.2417777777777779,1.21968
2019Q2,1.375,2.964,0.5533333333333333,-0.262,3.36,5.018468561522046,-1.2000000000000002,9.95904,1.64008,1.8592,-0.14497333333333334,2.7768859373755324,-0.88032,-4.032,-0.6640000000000001,-1.3148387631187761,0.31440000000000007,-0.776568
2019Q3,1.375,3.413,0.4066666666666667,-0.159,3.3766666666666665,5.495835864857837,4.71,11.524563333333331,1.3879533333333334,1.3731777777777778,-0.06466000000000001,2.234973251708854,-0.53689,15.9041,1.9154,-0.8738379025123961,-0.7488900000000001,-0.542667
2019Q4,1.375,3.681,0.5733333333333334,0.0006666666666666685,4.006666666666667,5.800452441993231,3.893333333333333,14.74854,2.11044,2.297155555555556,0.0003822222222222233,3.3255927334094526,0.0026711111111111185,15.59928888888889,2.232177777777778,0.0038669682946621646,0.0025955555555555623,0.0024540000000000065
2020Q1,1.125,3.207,0.4366666666666667,-0.991,4.533333333333333,6.280250696489127,3.4499999999999997,14.5384,1.40039,1.9795555555555557,-0.4327366666666667,2.7423761374669193,-4.492533333333333,15.639999999999999,1.5065,-6.223728440220725,-3.4189499999999997,-3.178137
2020Q2,1.125,0.553,0.08,-0.17799999999999994,4.54,6.6637267419697555,-4.836666666666667,2.5106200000000003,0.04424,0.3632,-0.014239999999999996,0.5330981393575804,-0.8081199999999997,-21.958466666666666,-0.38693333333333335,-1.186143360070616,0.8609266666666664,-0.09843399999999998
2020Q3,1.125,4.235,0.24,0.769,6.103333333333333,6.769032129684886,-1.42,25.847616666666667,1.0164,1.4647999999999999,0.18456,1.6245677111243726,4.693463333333333,-8.666733333333331,-0.3408,5.205385707727678,-1.09198,3.2567150000000002
2020Q4,1.125,5.478,0.65,0.32399999999999995,7.213333333333334,7.83923724265343,4.653333333333333,39.51464,3.5606999999999998,4.688666666666667,0.21059999999999998,5.095504207724729,2.3371199999999996,33.566044444444444,3.0246666666666666,2.539912866619711,1.5076799999999997,1.7748719999999998
2021Q1,1.125,9.616,0.9033333333333333,1.3983333333333334,8.88,8.909968596785301,2.6033333333333335,85.39008,8.686453333333333,8.021600000000001,1.2631611111111112,8.04867163242939,12.417200000000001,23.117600000000003,2.3516777777777778,12.459106087838114,3.6403277777777783,13.446373333333334
2021Q2,1.125,8.28,1.4000000000000001,1.0916666666666666,8.97,9.58349513093862,14.526666666666666,74.2716,11.592,12.558000000000002,1.5283333333333333,13.416893183314068,9.79225,130.3042,20.337333333333333,10.461982184607992,15.858277777777776,9.038999999999998
2021Q3,1.125,4.318,1.42,0.174,8.736666666666666,10.083057604425612,-6.496666666666667,37.72492666666666,6.1315599999999995,12.406066666666666,0.24707999999999997,14.317941798284368,1.5201799999999999,-56.759211111111114,-9.225266666666666,1.7544520231700564,-1.13042,0.7513319999999999
2021Q4,1.125,5.098,1.5866666666666667,0.6166666666666667,8.526666666666666,9.395378780503798,1.4533333333333334,43.46894666666666,8.088826666666666,13.528977777777776,0.9784444444444444,14.907334331732692,5.258111111111111,12.392088888888887,2.3059555555555558,5.793816914644009,0.8962222222222223,3.1437666666666666
2022Q1,1.375,3.848,2.1766666666666667,2.2313333333333336,7.843333333333334,9.423106821885712,5.6066666666666665,30.181146666666667,8.375813333333333,17.072322222222223,4.85686888888889,20.5109625156379,17.501091111111116,43.97495555555555,12.203844444444444,21.026092355234322,12.510342222222222,8.586170666666668
2022Q2,1.5,3.513,2.6366666666666667,0.38466666666666666,7.983333333333334,9.34816046208587,3.44,28.045450000000002,9.26261,21.049388888888892,1.0142377777777778,24.64798308503308,3.0709222222222223,27.46266666666667,9.070133333333333,3.595925724415698,1.3232533333333332,1.351334
2022Q3,1.625,4.06,2.7566666666666664,-1.2269999999999999,7.07,8.634643455782982,14.740000000000002,28.7042,11.192066666666664,19.489633333333334,-3.3824299999999994,23.802833793108416,-8.67489,104.21180000000003,40.63326666666667,-10.594707520245718,-18.08598,-4.981619999999999
2022Q4,1.75,-0.43,2.85,-0.30333333333333334,7.3,7.6373673720674455,7.303333333333334,-3.139,-1.2255,20.805,-0.8645,21.76649701039222,-2.2143333333333333,53.31433333333334,20.814500000000002,-2.3166681028604588,-2.215344444444445,0.13043333333333335
2023Q1,1.875,-3.584,2.6933333333333334,-0.4483333333333333,6.859999999999999,5.888547070307126,5.13,-24.58624,-9.652906666666667,18.476266666666664,-1.207511111111111,15.859820109360527,-3.075566666666666,35.19179999999999,13.8168,-2.6400319365210283,-2.29995,1.6068266666666666
2023Q2,1.875,1.421,2.6333333333333333,-0.11900000000000001,6.52,4.7748022432488355,7.676666666666667,9.26492,3.741966666666667,17.16933333333333,-0.3133666666666667,12.573645907221934,-0.77588,50.05186666666666,20.215222222222224,-0.5682014669466114,-0.9135233333333334,-0.16909900000000003
2023Q3,1.875,1.561,2.5933333333333333,0.38166666666666665,6.8,4.83405440801902,16.223333333333333,10.614799999999999,4.048193333333333,17.634666666666664,0.9897888888888888,12.536314431462658,2.595333333333333,110.31866666666666,42.07251111111111,1.844997432393926,6.1919055555555556,0.5957816666666667
2023Q4,1.875,4.737,2.436666666666667,-0.6183333333333333,5.523333333333333,6.107444787245594,8.813333333333333,26.16403,11.542490000000003,13.458522222222225,-1.5066722222222224,14.881807131588433,-3.415261111111111,48.678977777777774,21.475155555555556,-3.776436693446859,-5.449577777777777,-2.929045
2024Q1,2.0,7.16,2.2266666666666666,0.5036666666666666,5.56,7.668921235404946,6.653333333333333,39.809599999999996,15.942933333333333,12.380266666666666,1.1214977777777775,17.076131284168348,2.800386666666666,36.992533333333334,14.814755555555555,3.862579995565624,3.3510622222222217,3.606253333333333
2024Q2,2.0,5.334,1.8233333333333335,0.26133333333333336,6.243333333333333,9.153461686252552,6.536666666666666,33.301939999999995,9.72566,11.383677777777779,0.47649777777777785,16.689811807933822,1.6315911111111112,40.81058888888889,11.918522222222222,2.392104654007334,1.708248888888889,1.393952
2024Q3,2.0,4.657,1.8099999999999998,-0.16499999999999998,5.973333333333334,10.686084340335073,3.1833333333333336,27.817813333333334,8.42917,10.811733333333333,-0.2986499999999999,19.341812656006482,-0.9855999999999999,19.015111111111114,5.761833333333334,-1.7632039161552868,-0.52525,-0.7684049999999999
2024Q4,2.0,4.132,1.6733333333333331,0.11833333333333332,5.533333333333334,11.030366246677303,1.32,22.863733333333336,6.914213333333332,9.25911111111111,0.19801111111111105,18.457479519440017,0.6547777777777778,7.304000000000001,2.2087999999999997,1.305260005856814,0.15619999999999998,0.48895333333333324
2025Q1,2.0,5.536,1.633333333333333,0.04766666666666666,5.22,10.016127596275947,3.6133333333333333,28.897919999999996,9.04213333333333,8.525999999999998,0.07785555555555554,16.359675073917376,0.24881999999999996,18.8616,5.9017777777777765,0.47743541542248674,0.17223555555555553,0.2638826666666666
2025Q2,2.0,7.705,1.58,-0.18833333333333332,3.606666666666667,8.719528544082984,-1.3299999999999998,27.78936666666667,12.173900000000001,5.698533333333334,-0.29756666666666665,13.776855099651115,-0.6792555555555556,-4.796866666666666,-2.1014,-1.6421778758022951,0.2504833333333333,-1.4511083333333332
2025Q3,2.0,8.417,1.6333333333333335,0.0,4.066666666666666,6.801323289604988,-2.61,34.22913333333333,13.747766666666667,6.642222222222222,0.0,11.108828039688149,0.0,-10.613999999999999,-4.263,0.0,-0.0,0.0
2025Q4,2.0,12.952,1.79,-3.666,5.239999999999999,5.109924745459438,0.21333333333333335,67.86847999999999,23.18408,9.379599999999998,-6.56214,9.146765294372393,-19.209839999999996,1.1178666666666666,0.3818666666666667,-18.732984116854297,-0.78208,-47.482032
2026Q1,2.0,15.426,1.9333333333333333,0.7953333333333333,5.426666666666667,4.501858225218106,-0.32333333333333325,83.71176,29.8236,10.491555555555555,1.5376444444444444,8.703592568755004,4.316008888888889,-1.7546222222222219,-0.625111111111111,3.5804779084568,-0.2571577777777777,12.268812
2026Q2,2.0,12.929,2.1533333333333333,1.2336666666666667,7.1433333333333335,4.436409340961419,5.406666666666666,92.35615666666668,27.84044666666667,15.381977777777777,2.6564955555555554,9.55306811420359,8.812492222222224,38.62162222222222,11.642355555555554,5.473050323632738,6.6700244444444445,15.950076333333334
